<?xml version="1.0" encoding="UTF-8"?>
<project-private xmlns="http://www.netbeans.org/ns/project-private/1">
    <editor-bookmarks xmlns="http://www.netbeans.org/ns/editor-bookmarks/2" lastBookmarkId="0"/>
    <open-files xmlns="http://www.netbeans.org/ns/projectui-open-files/2">
        <group>
            <file>file:/L:/programovani/ShuntingYard/src/shuntingyard/VariableAssignmentLineToken.java</file>
            <file>file:/L:/programovani/ShuntingYard/src/shuntingyard/ShuntingYard.java</file>
            <file>file:/L:/programovani/ShuntingYard/src/shuntingyard/ComputableToken.java</file>
            <file>file:/L:/programovani/ShuntingYard/src/shuntingyard/DivisionOperatorToken.java</file>
            <file>file:/L:/programovani/ShuntingYard/src/shuntingyard/LeftBracketFactory.java</file>
            <file>file:/L:/programovani/ShuntingYard/src/shuntingyard/EndIfLineTokenFactory.java</file>
            <file>file:/L:/programovani/ShuntingYard/src/shuntingyard/PushIntegerVariableOnStackByteCodeToken.java</file>
            <file>file:/L:/programovani/ShuntingYard/src/shuntingyard/LineParser.java</file>
            <file>file:/L:/programovani/ShuntingYard/src/shuntingyard/RightBracketFactory.java</file>
            <file>file:/L:/programovani/ShuntingYard/src/shuntingyard/IntegerNumberToken.java</file>
            <file>file:/L:/programovani/ShuntingYard/src/shuntingyard/CompilableToken.java</file>
            <file>file:/L:/programovani/ShuntingYard/src/shuntingyard/DelegatingFactory.java</file>
            <file>file:/L:/programovani/ShuntingYard/src/shuntingyard/SubtractionOperatorToken.java</file>
            <file>file:/L:/programovani/ShuntingYard/src/shuntingyard/VariableAssignmentLineTokenFactory.java</file>
            <file>file:/L:/programovani/ShuntingYard/src/shuntingyard/LineToken.java</file>
            <file>file:/L:/programovani/ShuntingYard/src/shuntingyard/SubtractionOperatorTokenFactory.java</file>
            <file>file:/L:/programovani/ShuntingYard/src/shuntingyard/NumberTokenFactory.java</file>
            <file>file:/L:/programovani/ShuntingYard/src/shuntingyard/AbstractJumpByteCodeToken.java</file>
            <file>file:/L:/programovani/ShuntingYard/src/shuntingyard/MultiplicationOperatorToken.java</file>
            <file>file:/L:/programovani/ShuntingYard/src/shuntingyard/AssignmentOperatorToken.java</file>
            <file>file:/L:/programovani/ShuntingYard/src/shuntingyard/PushByteVariableOnStackByteCodeToken.java</file>
            <file>file:/L:/programovani/ShuntingYard/src/shuntingyard/GeneralLineTokenFactory.java</file>
            <file>file:/L:/programovani/ShuntingYard/src/shuntingyard/MultiplicationOperatorTokenFactory.java</file>
            <file>file:/L:/programovani/ShuntingYard/src/shuntingyard/ByteCodeToken.java</file>
            <file>file:/L:/programovani/ShuntingYard/src/shuntingyard/SimpleParser.java</file>
            <file>file:/L:/programovani/ShuntingYard/src/shuntingyard/VariableToken.java</file>
            <file>file:/L:/programovani/ShuntingYard/src/shuntingyard/GlobalVariableDeclarationLineTokenFactory.java</file>
            <file>file:/L:/programovani/ShuntingYard/src/shuntingyard/ElseLineTokenFactory.java</file>
            <file>file:/L:/programovani/ShuntingYard/src/shuntingyard/AssignmentOperatorTokenFactory.java</file>
            <file>file:/L:/programovani/ShuntingYard/src/shuntingyard/IfLineTokenFactory.java</file>
            <file>file:/L:/programovani/ShuntingYard/src/shuntingyard/GeneralTokenFactory.java</file>
            <file>file:/L:/programovani/ShuntingYard/src/shuntingyard/OperatorTokenImpl.java</file>
            <file>file:/L:/programovani/ShuntingYard/src/shuntingyard/Token.java</file>
            <file>file:/L:/programovani/ShuntingYard/src/shuntingyard/AdditionOperatorToken.java</file>
            <file>file:/L:/programovani/ShuntingYard/src/shuntingyard/FunctionTokenFactory.java</file>
            <file>file:/L:/programovani/ShuntingYard/src/shuntingyard/SimpleLineParser.java</file>
            <file>file:/L:/programovani/ShuntingYard/src/shuntingyard/VariableTokenFactory.java</file>
            <file>file:/L:/programovani/ShuntingYard/src/shuntingyard/DivisionOperatorTokenFactory.java</file>
        </group>
    </open-files>
</project-private>
